Mar Lodge Spreadsheet,abh_number,b&f_number,wiemers_checklist_number,k&r_number,scientific_name ,common_name ,family,england ,scotland ,wales ,northern_ireland,republic_of_ireland,reintroduced,immigrant ,resident,extinct_gb ,extinct_i,red_list_gb ,red_list_ireland,gb_10_km_squares_(2000-2016),ireland_10_km_squares_(2000-2016),rarirty_gb,long_term_distribution_trend_gb,sig_long_term_distribution_trend_gb,range_long_term_distribution_trend_gb,short_term_distribution_trend_gb,sig_short_term_distribution_trend_gb,range_short_term_distribution_trend_gb,abundance_trend_gb,sig_abundance_trend_gb,range_abundance_trend_gb ,diurnal ,nocturnal ,easily_disturbed_by_day,communal_or_nest,below_ground,leaf_litter_moss_on_ground_soil_surface,hostplant_external,hostplant_internal_stem,hostplant_internal_root,other_vegetation_external,stone_inc_walls,dead_rotten_wood ,wingless_reduced_wing_female,forewing_minimum,forewing_maximum,estimated_dry_mass,obligate_univoltine,obligate_multivoltine,partial_generation,phenology_shift,sig_phenology_shift,egg_jan,egg_feb,egg_mar,egg_apr,egg_may,egg_jun,egg_jul,egg_aug,egg_sep,egg_oct,egg_nov,egg_dec,lar_jan,lar_feb,lar_mar,lar_apr,lar_may,lar_jun,lar_july,lar_aug,lar_sep,lar_oct,lar_nov,lar_dec,lar_multiple,pup_jan,pup_feb,pup_mar,pup_apr,pup_may,pup_jun,pup_jul,pup_aug,pup_sep,pup_oct,pup_nov,pup_dec,pup_multiple,ad_jan,ad_feb,ad_mar,ad_apr,ad_may,ad_jun,ad_jul,ad_agu,ad_sep,ad_oct,ad_nov,ad_dec,egg,larva,pupa,adult,specificity ,number_hostplants,hostplant_or_hostplant_category,hostplant_or_hostplant_category_scientific,hostplant_native_or_non-native,light_value,moisture_value,reaction,nitrogen,salt_tolerance,sedges,rushes,grasses ,forbs,ferns,broadleaf_trees,coniferous_trees,shrubs_dwarf_shrubs,mosses,lichens_algae,fungi,slime_moulds,detritus,aquatic_plants,dead_withered_leaves,live_dead_invertebrates_meat,galls,stored_goods,other,roots,stem_shoot,trunk_branches,seeds_berries_fruits,flowers_flower_buds_catkins,leaves_leaf_buds_fronds_external,leaves_internal_mines,other,willow Salix spp,birches Betula spp,Blackthorn (Prunus spinosa),oaks Quercus spp,Hawthorn Crataegus monogyna,docks Rumex spp,Hazel Corylus avellana,Heather Calluna vulgaris,grasses ,Bramble Rubus fruticosus,Bilberry Vaccinium myrtillus,Alder Alnus glutinosa,Pedunculate Oak Quercus robur,Aspen Populus tremula,elms Ulmus spp.,dandelions Taraxacum spp., Downy Birch Betula pubescens,hawthorns Crataegus spp.,Beech Fagus sylvatica,Honeysuckle Lonicera periclymenum,1. Woodland,1a_broadleaved_woodland,1b_coniferious_woodland,1c_scrub_and_hedgerows,1d_wet_woodland_alder_willow_carr,2_heathland,3_moorland,moorland_specialist,4_grassland,4a_calcareou_grassland,4b_wet_grassland,4c_acid_grassland,5_wetlands,5a_bog_mosses_mires,5b_fens_and_marshes,5c_reedbeds,6a_sand_dunes,6b_saltmarsh,6c_rocky_coast,6d_coastal_shingle,7_montane_upland,8_other,conifer_specialist,broadleaf_specialist,grass_specialist,dward_shrub_specialist
1,3.003,18,,69,Korscheltellus fusconebulosa,Map-winged Swift,Hepialidae,1,1,1,1,1,,,1,,,LC,LC,1346,413,,0.05,N,1970 - 2016,-0.04,N,2000 - 2016,0.3,N,1970 - 2016,,1,,,1,,,,,,,,,14,26,62.8,1,,,-4,Y,,,,,,,1,,,,,,1,1,1,1,1,1,1,1,1,1,1,1,1,,,,1,1,1,,,,,,,,,,,,1,1,1,1,,,,,,1,,,Polyphagous,2,,,1,,,,,,,,1,3,1,,,,,,,,,,,,,,,1,1,,,,,,,,,,,,,,,1,,,,,,,,,,,,1,1,1,,,1,1,,1,,,1,,,,,,,,,3,,,,,
1,65.013,1657,,7490,Ochropacha duplaris,Common Lutestring,Drepanidae,1,1,1,1,1,,,1,,,LC,LC,1361,170,,0.12,N,1970 - 2016,-0.148,N,2000 - 2016,0.242,N,1970 - 2016,,1,,,,1,1,,,,,,,14,18,31.7,1,,,-6.1,Y,,,,,,,1,1,,,,,,,,,,,1,1,1,1,,,,1,1,1,1,1,1,,,,1,1,1,,,,,,1,1,1,1,,,,,,,1,,Oligophagous (Genus),1,birches Betula spp.,Betula spp.,1,7,6,4,4,0,,,,,,1,,,,,,,,,,,,,,,,,,,1,,,,1,,,,,,,,,,,,,,,,,,,1,1,,1,,,,,,,,,,,,,,,,,3,,,1,,
1,66.002,1632,,6731,Trichiura crataegi,Pale Eggar,Lasiocampidae,1,1,1,1,1,,,1,,,VU,LC,601,8,,-0.57,Y,1970 - 2016,0.089,N,2000 - 2016,-0.886,Y,1970 - 2016,,1,,,,1,,,,,,,,14,17,28.8,1,,,-3.1,Y,1,1,1,,,,,,,1,1,1,,,,1,1,1,,,,,,,,,,,,,,1,,,,,,,,,,,,,1,1,1,,,,1,,,,Polyphagous,3,, ,1,,,,,,,,,,,1,,1,,,,,,,,,,,,,,,,,1,,,,1,1,,1,,,,,,,,,,,,,1,,,1,1,,1,,,1,,,,,,,,,,,,,,3,,,1,,
1,66.007,1637,,6752,Lasiocampa quercus,Oak Eggar / Northern Eggar,Lasiocampidae,1,1,1,1,1,,,1,,,LC,LC,1480,224,,-0.14,N,1970 - 2016,-0.216,N,2000 - 2016,0.573,N,1970 - 2016,1,1,,,,1,,,,,,,,25,40,276.8,1,,,0.4,N,,,,,,1,,1,,,,,1,1,1,1,1,1,1,1,1,1,1,1,1,1,1,1,1,1,1,,,1,1,1,1,,,,,,,1,1,1,,,,,,1,1,,Polyphagous,20,, ,1,,,,,,,,,1,,1,,1,,,,,,,,,,,,,,,,,1,,,,1,1,1,1,,1,1,,1,1,1,,,,,,1,,1,1,1,1,1,,1,1,,1,1,,,1,,1,,1,,1,,3,,,,,
1,70.016,1713,,8184,Idaea aversata,Riband Wave,Geometridae,1,1,1,1,1,,,1,,,LC,LC,2060,421,,0.1,Y,1970 - 2016,0.038,N,2000 - 2016,0.082,N,1970 - 2016,,1,1,,,1,,,,,,,,14,16,9.7,1,,1,,,,,,,,,,1,,,,,1,1,1,1,1,,1,1,1,1,1,1,,,,,,1,1,,,,,,,,,,,,,1,1,1,1,,,,,1,,,Polyphagous,9,, ,1,,,,,,,,,1,,,,,,,,,,,,,,,,,,,,,1,,,,,,,,1,,,,,,,,,,1,,,,,1,1,1,,,1,,,1,1,,,,,,,,,,,3,,,,,
1,70.026,1694,,8067,Scopula ternata,Smoky Wave,Geometridae,1,1,1,1,,,,1,,,LC,VU,374,0,,-0.45,Y,1970 - 2016,-0.255,N,2000 - 2016,0.779,N,1970 - 2016,,1,1,,1,1,,,,,,,,12,15,7.4,1,,,-4.1,Y,,,,,,,,,,,,,1,1,1,1,1,,,1,1,1,1,1,,,,,,1,1,,,,,,,,,,,,,1,1,1,,,,,,1,,,Oligophagous (Family),3,, ,1,,,,,,,,,,,,,1,,,,,,,,,,,,,,,,,1,,,,,,,,,,1,,,1,,,,,,,,,,,,,,,,1,1,,,,,,,,,,,,,2,,,,,
1,70.041,1734,,8061,Scotopteryx luridata,July Belle,Geometridae,1,1,1,1,1,,,1,,,LC,LC,523,58,,-0.66,Y,1970 - 2016,-0.652,Y,2000 - 2016,-0.34,N,1970 - 2016,,1,1,,,1,,,,,,,,15,19,13.4,1,,,0,N,,,,,,,,1,,,,,1,1,1,1,1,,,,1,1,1,1,,,,,,1,1,,,,,,,,,,,,1,1,1,1,,,,,,1,,,Oligophagous (Family),3,, ,1,,,,,,,,,1,,,,1,,,,,,,,,,,,,,,,,1,,,,,,,,,,,,,,,,,,,,,,,,,,1,,1,1,1,,,,,,,,,,,,,3,,,,,
1,70.053,1722,,8249,Xanthorhoe designata,Flame Carpet,Geometridae,1,1,1,1,1,,,1,,,LC,LC,1989,447,,0.87,Y,1970 - 2016,0.185,N,2000 - 2016,0.523,N,1970 - 2016,,1,1,,,,,,,,,,,11,14,6.1,1,1,,,,,,,,,1,,1,,,,,,,,,,1,1,1,1,,,,,1,1,1,1,1,,1,,,1,1,1,,,,,1,1,1,1,1,1,,,,,,1,,,,,,,,,,,,,,,1,,,,,,,,,,,,,,,,,,,,,1,,,,,,,,,,,,,,,,,,,,,,,1,1,1,,,,1,,,,,1,,,,,,,,,3,,,,,
1,70.054,1727,,8255,Xanthorhoe montanata,Silver-ground Carpet,Geometridae,1,1,1,1,1,,,1,,,LC,LC,2389,452,,0.05,N,1970 - 2016,0.009,N,2000 - 2016,-0.393,Y,1970 - 2016,,1,,,1,,,,,,,,,14,17,10.6,1,,,-9.1,Y,,,,,,,,,,,,,1,1,1,1,1,,1,1,1,1,1,1,,,,,1,1,,,,,,,,,,,,,1,1,1,1,,,,,,1,,,Polyphagous,6,, ,1,,,,,,,,,1,,,,,,,,,,,,,,,,,,,,,1,,,,,,,,,,,,,,,,,,,,,,,1,1,1,1,,,,,1,1,1,,1,,1,,,,,,3,,,,,
1,70.059,1742,,8289,Camptogramma bilineata,Yellow Shell,Geometridae,1,1,1,1,1,,,1,,,LC,NT,1947,189,,0.08,N,1970 - 2016,-0.073,N,2000 - 2016,0.108,N,1970 - 2016,,1,1,,1,1,,,,,,,,13,16,8.9,1,,,-1.4,N,,,,,,,,,,,,,1,1,1,1,1,,1,1,1,1,1,1,,,,,,1,1,,,,,,,,,,,,1,1,1,1,1,,,,,1,,,Polyphagous,15,, ,1,,,,,,,,,1,,,,,,,,,,,,,,,,,,,,,1,,,,,,,,2,,,1,,,,,,,1,,,,,1,1,1,1,,,,,1,,,,1,,1,,1,,1,,3,,,,,
1,70.061,1738,,8275,Epirrhoe alternata,Common Carpet,Geometridae,1,1,1,1,1,,,1,,,LC,LC,2288,553,,0.28,Y,1970 - 2016,-0.036,N,2000 - 2016,0.288,N,1970 - 2016,,1,1,,,1,,,,,,,,13,14,7.4,1,1,,,,,,,,,1,,,1,,,,,,,,,1,1,1,1,1,,,,1,1,1,1,,,1,1,,1,1,1,,,,,,1,1,1,1,1,,,,,,1,,Polyphagous,4,, ,1,,,,,,,,,1,,,,,,,,,,,,,,,,,,,,,1,,,,,,,,,,,,,,,,,,,,,,,1,1,1,1,,1,1,,1,,,1,1,,1,,,,,,3,,,,,
1,70.072,1744,,8302,Entephria caesiata,Grey Mountain Carpet,Geometridae,1,1,1,1,1,,,1,,,LC,NT,313,23,,-0.81,Y,1970 - 2016,-0.132,N,2000 - 2016,0.037,N,1970 - 2016,,1,1,,,1,1,,,,,,,16,19,14.4,1,,,-4.7,Y,,,,,,,,1,,,,,1,1,1,1,1,1,1,1,1,1,1,1,,,,,,1,1,,,,,,,,,,,,,1,1,1,1,,,,,1,,,Oligophagous (Family),6,, ,1,,,,,,,,,,,,3,1,,,,,,,,,,,,,,,,,1,,,,,,,,,,1,,,1,,,,,,,,,,,,,,,,1,1,,,,,,,,,,,,,2,,,,,
1,70.074,1777,,8391,Hydriomena furcata,July Highflier,Geometridae,1,1,1,1,1,,,1,,,LC,LC,2161,484,,-0.08,Y,1970 - 2016,0.136,Y,2000 - 2016,-0.035,N,1970 - 2016,,1,1,,1,1,,,,,,,,14,18,11.5,1,,,-6.5,Y,1,1,1,1,,,,,1,1,1,1,,,,1,1,1,?,,,,,,,,,,,,1,1,,,,,,,,,,,,1,1,1,1,,,,1,,,,Polyphagous,8,, ,1,,,,,,,,,,,1,3,1,,,,,,,,,,,,,,,,,1,,,1,1,,,,,1,1,,,1,,,,,,1,,,,1,1,1,1,1,1,1,,,,,,1,,1,,,,,,3,,,,,
1,70.078,1770,,8361,Thera cognata,Chestnut-coloured Carpet,Geometridae,1,1,1,1,1,,,1,,,LC,LC,102,28,Nationally Scarce,,,,,,,,,,,1,,,,1,1,,,,,,,11,14,6.1,1,,,,,,,,,,,,1,,,,,1,1,1,1,1,1,,,1,1,1,1,,,,,,,1,,,,,,,,,,,,,1,1,1,1,,,,,1,,,Monophagous,1,Common Juniper Juniperus communis,Juniperus communis,1,8,5,5,3,0,,,,,,,1,,,,,,,,,,,,,,,,,,1,,,,,,,,,,,,,,,,,,,,,,,,,,1,,,1,,,,,,,,,,,,1,,2,,,,,
1,70.079,1769,,8358,Thera britannica,Spruce Carpet,Geometridae,1,1,1,1,1,,,1,,,LC,LC,1742,319,,5.57,Y,1970 - 2016,0.761,Y,2000 - 2016,33.628,Y,1970 - 2016,,1,1,,1,1,,,,,,,,13,17,9.7,,1,,,,,,,,,1,1,,,1,,,1,1,1,1,1,1,1,,?,?,1,1,,,,,1,1,,,1,1,,,,,,,,1,1,1,1,1,1,1,1,,,1,,,Polyphagous,10,, ,2,,,,,,,,,,,,1,,,,,,,,,,,,,,,,,,1,,,,,,,,,,,,,,,,,,,,,,,1,,1,,,,,,,,,,,,,,,,,,3,,,,,
1,70.081,1768,,8356,Thera obeliscata,Grey Pine Carpet,Geometridae,1,1,1,1,1,,,1,,,LC,LC,1779,300,,0.1,N,1970 - 2016,-0.086,N,2000 - 2016,-0.472,Y,1970 - 2016,,1,1,,1,,,,,,,,,13,17,9.7,,1,,,,,,,,,,1,,,1,,,1,1,1,1,1,1,1,1,1,1,1,1,,,,,,1,,,,1,,,,,,,,1,1,1,1,1,1,1,1,,,1,,,Polyphagous,8,, ,2,,,,,,,,,,,,1,,,,,,,,,,,,,,,,,,1,,,,,,,,,,,,,,,,,,,,,,,1,,1,,,1,,,,,,,,,,,,,,,3,,,,,
1,70.087,1752,,8319,Cosmorhoe ocellata,Purple Bar,Geometridae,1,1,1,1,1,,,1,,,LC,LC,1824,234,,-0.13,N,1970 - 2016,-0.19,Y,2000 - 2016,-0.369,N,1970 - 2016,,1,1,,,,,,,,,,,13,15,8.1,1,1,,,,,,,,,,1,,1,,,,1,1,1,1,,1,1,1,1,1,1,1,,,,,1,1,,,1,,,,,,,,,,1,1,1,1,1,,,,,1c,,,Oligophagous (Genus),4,, ,1,,,,,,,,,1,,,,,,,,,,,,,,,,,,,,,1,,,,,,,,,,,,,,,,,,,,,,,1,1,1,1,,1,1,,1,1,,1,,,,,1,,,,3,,,,,
1,70.091,1756,,8332,Eulithis populata,Northern Spinach,Geometridae,1,1,1,1,1,,,1,,,LC,LC,1075,151,,-0.45,Y,1970 - 2016,-0.076,N,2000 - 2016,-0.225,Y,1970 - 2016,,1,1,,,1,1,,,,,,,13,18,10.6,1,,,-11.8,Y,1,1,1,,,,,1,1,1,1,1,,,,1,1,1,,,,,,,,,,,,,1,1,,,,,,,,,,,,1,1,1,1,,,,1,,,,Polyphagous,4,, ,1,,,,,,,,,,,,,1,,,,,,,,,,,,,,,,,1,,,1,,,,,,,,,,1,,,,,,,,,,1,1,1,,,,1,,,,,,1,1,,,,,,,2,,,,,
1,70.093,1758,,8335,Gandaritis pyraliata,Barred Straw,Geometridae,1,1,1,1,1,,,1,,,LC,LC,1987,204,,0.24,Y,1970 - 2016,0.116,N,2000 - 2016,-0.385,Y,1970 - 2016,,1,1,,,1,,,,,,,,15,18,12.4,1,,,-9.8,Y,1,1,1,1,,,,,1,1,1,1,,,,1,1,1,,,,,,,,,,,,1,1,,,,,,,,,,,,,1,1,1,,,,,1,,,,Oligophagous (Family),5,, ,1,,,,,,,,,1,,,,,,,,,,,,,,,,,,,,,1,,,,,,,,,,,,,,,,,,,,,,,1,1,1,1,,,,,1,1,,,,,,,,,,,3,,,,,
1,70.097,1764,,8348,Dysstroma truncata,Common Marbled Carpet / Arran Carpet,Geometridae,1,1,1,1,1,,,1,,,LC,LC,2188,506,,0.2,Y,1970 - 2016,-0.05,N,2000 - 2016,0.345,N,1970 - 2016,,1,1,,,,1,,,,,,,14,19,12.4,1,1,,,,,,,,,,,1,,1,1,,1,1,1,1,1,1,1,1,1,1,1,1,,,,,,1,,,1,,,,,,,,,,1,1,1,1,1,1,1,,,1,,,Polyphagous,20,, ,1,,,,,,,,,1,,1,,1,,,,,,,,,,,,,,,,,1,,,1,1,,1,1,1,,1,,1,1,1,,,,,,1,,,1,1,,1,,,1,,,,,,1,,1,,,,,,3,,,,,
1,70.098,1762,,8343,Dysstroma citrata,Dark Marbled Carpet,Geometridae,1,1,1,1,1,,,1,,,LC,LC,1428,260,,-0.26,Y,1970 - 2016,0.151,N,2000 - 2016,0.279,N,1970 - 2016,,1,1,,,1,,,,,,,,14,19,12.4,1,,,-5.5,Y,1,1,1,,,,,1,1,1,1,1,1,1,1,1,,1,1,1,1,1,1,1,,,,,,,1,1,,,,,,,,,,,,1,1,1,1,1,,,1,,,,Polyphagous,6,, ,1,,,,,,,,,,,1,,1,,,,,,,,,,,,,,,,,1,,,1,1,,,,,,1,,,1,,,,,,,,,,1,1,,1,,,1,,,,,,,,,,,,,,3,,,1,,
1,70.1,1776,,8385,Colostygia pectinataria,Green Carpet,Geometridae,1,1,1,1,1,,,1,,,LC,LC,2247,406,,0.68,Y,1970 - 2016,0.172,Y,2000 - 2016,4.044,Y,1970 - 2016,,1,1,,1,,,,,,,,,12,15,7.4,1,1,,,,,,,,,1,1,1,1,,,,1,1,1,1,1,1,1,1,1,1,1,1,,,,,1,1,,,,,,,,,,,,,1,1,1,1,1,1,,,,1,,,Polyphagous,7,, ,1,,,,,,,,,1,,,,,,,,,,,,,,,,,,,,,1,,,,,,,,,,,,,,,,,,,,,,,1,1,1,,,1,1,,1,1,,1,,,,,1,,,,3,,,,,
1,70.115,1873,,8652,Venusia cambrica,Welsh Wave,Geometridae,1,1,1,1,1,,,1,,,LC,LC,523,74,,-0.35,Y,1970 - 2016,-0.23,N,2000 - 2016,-0.482,N,1970 - 2016,,1,,,,1,,,,,,,,13,15,8.1,1,,,-8.6,Y,,,,,,,,1,,,,,,,,,,,1,1,1,,,,,1,1,1,1,1,1,,,,1,1,1,,,,,,1,1,1,1,,,,,,,1,,Polyphagous,3,, ,1,,,,,,,,,,,1,,,,,,,,,,,,,,,,,,,1,,,,1,,,,,,,,,,1,,,,,,,,,1,1,,,,,1,,,,,,,,,,,,,,2,,,1,,
1,70.151,1817,,8484,Eupithecia pulchellata,Foxglove Pug,Geometridae,1,1,1,1,1,,,1,,,LC,LC,1716,174,,0.73,Y,1970 - 2016,-0.003,N,2000 - 2016,-0.277,N,1970 - 2016,,1,1,,1,,,,,,,,,10,12,4.4,1,,,-8,Y,,,,,,1,,,,,,,,,,,,1,1,1,,,,,,1,1,1,1,,,,,1,1,1,1,,,,,1,1,1,1,1,,,,,,,1,,Monophagous,1,Foxglove Digitalis purpurea,Digitalis purpurea,1,6,6,4,5,0,,,,1,,,,,,,,,,,,,,,,,,,1,1,,,,,,,,,,,,,,,,,,,,,,,,1,1,1,,,,1,,1,1,,,,,,,,,1,,3,,,,,
1,70.158,1854,,8583,Eupithecia pusillata,Juniper Pug,Geometridae,1,1,1,1,1,,,1,,,VU,LC,594,22,,0.09,N,1970 - 2016,-0.269,N,2000 - 2016,-0.844,Y,1986 - 2016,1,1,,,,,1,,,,,,,9,11,3.4,1,,,-1.7,Y,1,1,1,,,,,,,1,1,1,,1,1,1,1,1,,,,,,,,,,,,,1,,,,,,,,,,,,,1,1,1,1,,,,1,,,,Oligophagous (Family),4,, ,2,,,,,,,,,,,,1,,,,,,,,,,,,,,,,,,1,,,,,,,,,,,,,,,,,,,,,,,,,,1,,,1,1,,,,,,,,,,,,,3,,,,,
1,70.168,1846,,8570,Eupithecia nanata,Narrow-winged Pug,Geometridae,1,1,1,1,1,,,1,,,LC,LC,1308,227,,0.33,Y,1970 - 2016,-0.253,N,2000 - 2016,-0.621,Y,1970 - 2016,,1,1,,1,,,,,,,,,9,12,3.9,1,1,,,,,,,,,1,,1,,,,,,,,,,,1,1,1,?,,,,1,1,1,,,,1,1,,,1,1,,,,,1,1,1,1,1,1,,,,,,1,,Monophagous,1,Heather Calluna vulgaris,Calluna vulgaris,1,7,6,2,2,0,,,,,,,3,1,,,,,,,,,,,,,,,,1,,,,,,,,,,,1,,,,,,,,,,,,,,,,,,1,1,,,,,,,,,,,,,,3,,,,,
1,70.179,1830,,8527,Eupithecia absinthiata,Wormwood Pug / Ling Pug,Geometridae,1,1,1,1,1,,,1,,,LC,LC,1549,204,,0.72,Y,1970 - 2016,0.019,N,2000 - 2016,-0.381,N,1986 - 2016,,1,,,1,,,,,,,,,11,13,5.5,1,,,3.2,Y,,,,,,,1,,,,,,,,,,,,1,1,1,1,,,,1,1,1,1,1,,,,,,1,1,,,,,,1,1,1,1,,,,,,,1,,Polyphagous,16,, ,1,,,,,,,,,1,,,,1,,,,,,,,,,,,,,,,1,,,,,,,,,,,1,,,1,,,,,,,,,,1,1,1,,,1,1,,1,,,1,,,,,,,,,3,,,,,
1,70.192,1867,,8620,Aplocera plagiata,Treble-bar,Geometridae,1,1,1,1,1,,,1,,,LC,LC,1087,119,,-0.48,Y,1970 - 2016,-0.124,N,2000 - 2016,-0.567,N,1970 - 2016,,1,1,,1,,,,,,,,,19,22,21.6,1,1,,,,,,,,,1,,1,1,,,,1,1,1,1,,1,1,1,1,1,1,1,,,,,1,1,1,,1,,,,,,,,,,1,1,1,1,1,1,,,,,1,,Oligophagous (Genus),1,St John’s-worts Hypericum spp.,Hypericum spp.,1,7,6,5,3,0,,,,1,,,,,,,,,,,,,,,,,,,,,1,,,,,,,,,,,,,,,,,,,,,,,1,1,1,,,,1,,1,1,,1,,,,,,,,,,,,,,
1,70.211,1889,,3933,Macaria notata,Peacock Moth,Geometridae,1,1,1,,1,,,1,,,LC,LC,570,10,,0.03,N,1980 - 2016,-0.28,N,2000 - 2016,3.004,Y,1970 - 2016,,1,1,,,1,,,,,,,,14,16,9.7,1,1,,,,,,,,,,1,,,,,,,,,,,1,1,1,?,,,,,1,1,1,1,1,1,,,1,1,1,1,,,,,1,1,1,1,1,1,,,,,,1,,Oligophagous (Genus),3,, ,1,,,,,,,,,,,1,,,,,,,,,,,,,,,,,,,1,,,1,1,,,,,,,,,,,,,,,,,,,1,1,,,,1,,,,,,,,,,,,,,,3,,,1,,
1,70.214,1893,,7542,Macaria liturata,Tawny-barred Angle,Geometridae,1,1,1,1,1,,,1,,,LC,LC,1385,135,,-0.19,Y,1970 - 2016,-0.073,N,2000 - 2016,-0.382,N,1970 - 2016,,1,1,,1,1,,,,,,,,14,17,10.6,1,1,,,,,,,,,,1,,,,,,,,,,,1,1,1,1,1,,,,1,1,1,1,1,,,,,1,1,1,,,,,,1,1,1,1,1,,,,,,1,,Oligophagous (Family),2,, ,2,,,,,,,,,,,,1,,,,,,,,,,,,,,,,,,1,,,,,,,,,,,,,,,,,,,,,,,1,,1,,,,,,,,,,,,,,,,,,3,,,,,
1,70.226,1906,,7613,Opisthograptis luteolata,Brimstone Moth,Geometridae,1,1,1,1,1,,,1,,,LC,LC,2251,500,,0.08,Y,1970 - 2016,0.041,N,2000 - 2016,-0.121,N,1970 - 2016,,1,1,,,1,1,,,,,,,14,21,14.4,1,1,1,,,,,,1,1,1,1,1,1,1,,,1,1,1,1,1,1,1,1,1,1,1,1,,1,1,1,1,1,1,1,1,1,,1,1,,,,,1,1,1,1,1,1,,,,,1,1,,Polyphagous,3,, ,1,,,,,,,,,,,1,,1,,,,,,,,,,,,,,,,,1,,,,,1,,1,,,,,,,,,,,,,1,,,1,1,,1,,,,,,,,,,,,,,,,,3,,,1,,
1,70.241,1921,,7654,Crocallis elinguaria,Scalloped Oak,Geometridae,1,1,1,1,1,,,1,,,LC,LC,1916,385,,0,N,1970 - 2016,0.083,N,2000 - 2016,-0.689,Y,1970 - 2016,,1,,,1,1,,,,,,,,18,22,20.3,1,,,-12.7,Y,1,1,1,,,,,,1,1,1,1,,,1,1,1,1,1,,,,,,,,,,,,1,1,,,,,,,,,,,,1,1,1,,,,,1,,,,Polyphagous,18,, ,1,,,,,,,,,,,1,,1,,,,,,,,,,,,,,,,,1,,,1,1,1,1,1,,,1,,,1,,,,,,1,1,1,1,1,1,,1,,,,,,,,,,,,,,,,,3,,,1,,
1,70.252,1931,,7686,Biston betularia,Peppered Moth,Geometridae,1,1,1,1,1,,,1,,,LC,LC,1977,393,,0.4,Y,1970 - 2016,0.064,N,2000 - 2016,-0.78,Y,1970 - 2016,,1,,,1,,,,,,,,,22,28,36,1,,,-7.3,Y,,,,,,1,1,1,,,,,,,,,,,1,1,1,,,,,1,1,1,1,,,,,,1,1,1,,,,,,1,1,1,1,,,,,,,1,,Polyphagous,20,, ,1,,,,,,,,,1,,1,1,1,,,,,,,,,,,,,,,,,1,,,1,1,1,1,1,,,,,1,,,,,1,,,1,1,,1,1,1,1,,,,,,,,,,,,,,,,,3,,,,,
1,70.265,1941,,7777,Alcis repandata,Mottled Beauty,Geometridae,1,1,1,1,1,,,1,,,LC,LC,2076,445,,0.02,N,1970 - 2016,-0.041,N,2000 - 2016,-0.271,N,1970 - 2016,,1,1,,,1,,,,,,,,19,26,27.5,1,,,-7.3,Y,,,,,,,1,,,,,,1,1,1,1,1,,,1,1,1,1,1,,,,,,1,1,,,,,,,,,,,,,1,1,1,,,,,,1,,,Polyphagous,20,, ,1,,,,,,,,,1,,1,1,1,,,,,,,,,,,,,,,,,1,,,,1,1,1,,1,1,1,,1,1,,,,,,,1,,1,1,1,1,1,1,,1,,,,,,1,,,,,,,,3,,,,,
1,70.266,1942,,7779,Alcis jubata,Dotted Carpet,Geometridae,1,1,1,1,1,,,1,,,LC,VU,367,3,,-0.55,Y,1970 - 2016,0.146,N,2000 - 2016,2.375,N,1970 - 2016,,1,1,,,,1,,,,,,,13,16,8.9,1,,,0.1,N,,,,,,,,1,,,,,1,1,1,1,1,1,,1,1,1,1,1,,,,,,,1,1,,,,,,,,,,,,,1,1,1,,,,,1,,,Oligophagous (Genus),1,beard lichens Usnea spp.,Usnea spp.,1,,,,,,,,,,,,,,,1,,,,,,,,,,,,,,,,,Lichens?,,,,,,,,,,,,,,,,,,,,,1,1,1,,,,,,,,,,,,,,,,,,3,,,,,
1,70.276,1954,,7822,Bupalus piniaria,Bordered White,Geometridae,1,1,1,1,1,,,1,,,LC,LC,1289,94,,0.01,N,1970 - 2016,-0.34,Y,2000 - 2016,-0.317,N,1970 - 2016,1,1,,,1,1,,,,,,,,17,19,15.5,1,,,-5.3,Y,,,,,,1,,,,,,,,,,,,1,1,1,1,1,,,,1,1,1,1,,,,,,1,1,1,,,,,,1,1,1,1,,,,,,,1,,Oligophagous (Family),3,, ,1,,,,,,,,,,,,1,,,,,,,,,,,,,,,,,,1,,,,,,,,,,,,,,,,,,,,,,,1,,1,,,1,,,,,,,,,,,,,,,3,,,,,
1,70.277,1955,,7824,Cabera pusaria,Common White Wave,Geometridae,1,1,1,1,1,,,1,,,LC,LC,2004,351,,0.22,Y,1970 - 2016,0,N,2000 - 2016,0.774,Y,1970 - 2016,,1,1,,1,1,,,,,,,,15,17,11.5,1,1,,,,,,,,,1,,1,,,,,,,,,,1,1,1,1,1,,,,1,1,1,1,,,1,,,1,1,1,,,,,,1,1,1,1,,,,,,,1,,Polyphagous,7,, ,1,,,,,,,,,,,1,,,,,,,,,,,,,,,,,,,1,,,1,1,,1,,,1,,,,,1,,,,,1,,,,1,1,,1,,,,,,,,,,,,,,,,,3,,,1,,
1,70.278,1956,,7826,Cabera exanthemata,Common Wave,Geometridae,1,1,1,1,1,,,1,,,LC,LC,1951,424,,0.45,Y,1970 - 2016,0.146,N,2000 - 2016,0.812,N,1970 - 2016,,1,1,,1,1,,,,,,,,14,16,9.7,1,1,1,,,,,,,,,1,,,,,,,,,,,1,1,1,1,1,,,,1,1,1,1,,,,,,1,1,1,,,,,,1,1,1,1,1,,,,,,1,,Polyphagous,7,, ,1,,,,,,,,,,,1,,,,,,,,,,,,,,,,,,,1,,,1,1,,,,,,,,,,1,,1,,,,,,,1,1,,1,1,,,,,,,,1,,1,,,,,,3,,,1,,
1,70.283,1961,,7836,Campaea margaritaria,Light Emerald,Geometridae,1,1,1,1,1,,,1,,,LC,LC,2097,314,,0.18,Y,1970 - 2016,0.047,N,2000 - 2016,0.26,N,1970 - 2016,,1,1,,,1,,,,,,,,18,26,25.9,1,1,,,,,,,,,,,,,,,,1,1,1,1,1,1,,1,1,1,1,1,,,,,,,1,,,,,,,,,,,,1,1,1,1,1,1,,,,1,,,Polyphagous,19,, ,1,,,,,,,,,,,1,,1,,,,,,,,,,,,,,,,,1,,,1,1,1,1,1,,1,,,,,1,1,,1,,1,1,1,,1,1,,1,,,,,,,,,,,,,,,,,3,,,1,,
1,70.284,1962,,7839,Hylaea fasciaria,Barred Red,Geometridae,1,1,1,1,1,,,1,,,LC,LC,1519,180,,0.07,N,1970 - 2016,-0.162,N,2000 - 2016,-0.419,N,1970 - 2016,,1,,,,1,,,,,,,,17,21,17.8,1,,1,-6.4,Y,,,,,,,,1,,,,,1,1,1,1,1,,,,1,1,1,1,,,,,,1,1,,,,,,,,,,,,1,1,1,1,1,,,,,1,,,Oligophagous (Family),2,, ,2,,,,,,,,,,,,1,,,,,,,,,,,,,,,,,,1,,,,,,,,,,,,,,,,,,,,,,,1,,1,,,1,,,,,,,,,,,,,,,3,,,,,
1,70.285,1963,,7848,Gnophos obfuscata,Scotch Annulet,Geometridae,,1,,,1,,,1,,,LC,LC,107,24,Nationally Scarce,,,,,,,,,,,1,,,1,1,,,,,,,,17,21,17.8,1,,,-1.7,Y,,,,,,,,1,,,,,1,1,1,1,1,1,,,1,1,1,1,,,,,,,1,,,,,,,,,,,,,1,1,1,1,,,,,1,,,Polyphagous,8,, ,1,,,,,,,,,1,,,,1,,,,,,,,,,,,,,,,,1,,,,,,,,,,1,,,,,,,,,,,,,,,,,,,1,1,,,,,,,,,,,1,,3,,,,,
1,70.299,1666,,7969,Geometra papilionaria,Large Emerald,Geometridae,1,1,1,1,1,,,1,,,LC,LC,1581,234,,0.07,N,1970 - 2016,-0.101,N,2000 - 2016,-0.117,N,1970 - 2016,1,1,,,,1,,,,,,,,24,29,41.8,1,,,-4.8,Y,,,,,,,,,,,,,1,1,1,1,1,1,1,1,1,1,1,1,,,,,,1,1,,,,,,,,,,,,,1,1,1,,,,,,1,,,Polyphagous,5,, ,1,,,,,,,,,,,1,,,,,,,,,,,,,,,,,,1,1,,,,1,,,,,1,,,,,1,,,,,1,,1,,1,1,,1,1,1,,,,,,,1,,,,,,,,3,,,1,,
1,71.012,2000,,8716,Notodonta dromedarius,Iron Prominent,Notodontidae,1,1,1,1,1,,,1,,,LC,LC,1823,228,,-0.04,N,1970 - 2016,0.079,N,2000 - 2016,-0.489,Y,1970 - 2016,,1,,,1,,,,,,,,,18,24,72.9,1,1,,,,,,,,,1,,1,,,,,,,,,,1,1,1,1,1,,,,1,1,1,1,,,,1,,1,1,1,,,,,1,1,1,1,1,,,,,,,1,,Polyphagous,3,, ,1,,,,,,,,,,,1,,,,,,,,,,,,,,,,,,,1,,,,1,,,,,,,,,,1,,,,,1,,,,1,1,,1,1,,,,,,,,1,,1,,,,,,3,,,1,,
1,71.013,2003,,8719,Notodonta ziczac,Pebble Prominent,Notodontidae,1,1,1,1,1,,,1,,,LC,LC,1925,392,,0.1,N,1970 - 2016,0.095,N,2000 - 2016,-0.449,Y,1970 - 2016,,1,,,1,,,,,,,,,17,24,67.7,1,1,,,,,,,,,1,,1,,,,,,,,,,1,1,1,1,,,,,1,1,1,1,,,,1,,1,1,1,,,,,1,1,1,1,1,,,,,,,1,,Polyphagous,3,, ,1,,,,,,,,,,,1,,,,,,,,,,,,,,,,,,,1,,,1,,,,,,,,,,,,,1,,,,,,,1,1,,1,1,,,,,,,,1,,1,,,,,,3,Wherever hostplants grow,,1,,
1,71.017,2007,,8727,Pheosia tremula,Swallow Prominent,Notodontidae,1,1,1,1,1,,,1,,,LC,LC,1688,147,,0.55,Y,1970 - 2016,0.114,N,2000 - 2016,0.534,N,1970 - 2016,,1,,,1,,,,,,,,,22,28,124.1,1,1,,,,,,,,,1,,1,,,,,,,,,,1,1,1,1,1,,,,1,1,1,1,,,1,,,1,1,1,,,,,1,1,1,1,1,1,,,,,,1,,Polyphagous,3,, ,1,,,,,,,,,,,1,,,,,,,,,,,,,,,,,,,1,,,1,,,,,,,,,,,,,1,,,,,,,1,1,,1,1,,,,,,,,,,,,,,,,3,Wherever hostplants grow,,1,,
1,71.018,2006,,8728,Pheosia gnoma,Lesser Swallow Prominent,Notodontidae,1,1,1,1,1,,,1,,,LC,LC,1873,260,,0.3,Y,1970 - 2016,0.072,N,2000 - 2016,-0.494,Y,1970 - 2016,,1,,,1,,,,,,,,,20,26,96.2,1,1,,,,,,,,,1,,1,,,,,,,,,,1,1,1,1,1,,,,1,1,1,1,,,1,,,1,1,1,,,,,1,1,1,1,1,1,,,,,,1,,Polyphagous,2,, ,1,,,,,,,,,,,1,,,,,,,,,,,,,,,,,,,1,,,,1,,,,,,,,,,,,,,,1,,,,1,1,,1,,,,,,,,,,,,,,,,,3,Wherever hostplants grow,,1,,
1,71.021,2008,,8738,Ptilodon capucina,Coxcomb Prominent,Notodontidae,1,1,1,1,1,,,1,,,LC,LC,1939,313,,-0.1,Y,1970 - 2016,-0.057,N,2000 - 2016,-0.541,Y,1970 - 2016,,1,,,1,,,,,,,,,17,22,58.1,1,1,,,,,,,,,1,,1,,,,,,,,,,1,1,1,1,1,,,,1,1,1,1,,,1,,,1,1,1,,,,,1,1,1,1,1,,,,,,,1,,Polyphagous,16,, ,1,,,,,,,,,,,1,,1,,,,,,,,,,,,,,,,,1,,,1,1,,1,1,,1,,,,,1,,1,,,,1,1,,1,1,,1,1,,,,,,,,1,,,,,,,,3,,,1,,
1,72.016,2027,,10392,Dicallomera fascelina,Dark Tussock,Erebidae,1,1,1,1,1,,,1,,,LC,NT,214,21,,,,,,,,,,,,1,,,,,1,,,1,,,,18,28,53.4,1,,,-12.7,Y,,,,,,,,1,,,,,1,1,1,1,1,1,,1,1,1,1,1,,,,,,,1,,,,,,,,,,,,,1,1,1,,,,,,1,,,Polyphagous,12,, ,1,,,,,,,,,,,1,,1,,,,,,,,,,,,,,,,1,1,,,1,1,,,,,1,1,,1,,,,,,,,1,,,,,,1,,1,1,1,,,,,,,,,1,,,1,3,,,1,,
1,72.026,2057,,10598,Arctia caja,Garden Tiger,Erebidae,1,1,1,1,1,,,1,,,NT,LC,1779,402,,-0.24,Y,1970 - 2016,0.075,N,2000 - 2016,-0.879,Y,1970 - 2016,,1,,,,1,,,,,,,,28,37,124.8,1,,,-5.2,Y,,,,,,,,1,,,,,1,1,1,1,1,1,,1,1,1,1,1,,,,,,,1,,,,,,,,,,,,,1,1,1,,,,,,1,,,Polyphagous,20,, ,1,,,,,,,,,1,1,1,1,,,,,,,3,,,,,,,,,,,1,,,1,,1,,,1,,,,,,,,,,1,,,,,1,1,1,1,,,,,1,1,1,,1,,1,,1,,,,3,,,,,
1,73.012,2434,,9045,Diachrysia chrysitis,Burnished Brass,Noctuidae,1,1,1,1,1,,,1,,,LC,LC,2128,432,,-0.07,Y,1970 - 2016,0.045,N,2000 - 2016,-0.433,Y,1970 - 2016,,1,,,,,1,,,,,,,16,19,45,1,1,1,,,,,,,,,1,,1,,,,1,1,1,1,1,1,1,1,1,1,1,1,,,,,,1,,,1,,,,,,,,,,,1,1,1,1,1,,,,1,,,Polyphagous,16,, ,1,,,,,,,,,1,,,,,,,,,,,,,,,,,,,,,1,,,,,,,,,,,,,,,,,,,,,,,1,1,1,,,,,,1,1,1,,1,,,,,,,,3,,,,,
1,73.018,2444,,9062,Autographa bractea,Gold Spangle,Noctuidae,1,1,1,1,1,,2,1,,,LC,LC,823,185,,-0.34,Y,1970 - 2016,-0.219,N,2000 - 2016,0.065,N,1970 - 2016,1,1,,,,,1,,,,,,,18,21,54.4,1,,,-0.2,N,,,,,,,,1,,,,,1,1,1,1,1,1,,1,1,1,1,1,,,,,,1,1,,,,,,,,,,,,,1,1,1,,,,,,1,,,Polyphagous,9,, ,1,,,,,,,,,1,,,,1,,,,,,,,,,,,,,,,,1,,,,,,,,,,,,,1,,,,,,,,,1,1,1,1,1,,,1,,,,,1,,,,,,,,,3,,,,,
1,73.021,2447,,9074,Syngrapha interrogationis,Scarce Silver Y,Noctuidae,1,1,1,1,1,,1,1,,,LC,LC,352,73,,-0.71,Y,1990 - 2016,-0.612,Y,2000 - 2016,-0.729,Y,1970 - 2016,1,1,1,,,,1,,,,,,,15,18,40.6,1,,,-1.3,Y,,,,,,,,1,,,,,1,1,1,1,1,1,1,1,1,1,1,1,,,,,,,1,,,,,,,,,,,,,1,1,1,1,,,,,1,,,Polyphagous,5,, ,1,,,,,,,,,1,,,,1,,,,,,,,,,,,,,,,,1,,,,,,,,,,1,,,1,,,,,,,,,,,,,,,,1,1,,,,,,,,,,,,,2,,,,,
1,73.022,2439,,9053,Plusia festucae,Gold Spot,Noctuidae,1,1,1,1,1,,,1,,,LC,LC,1618,343,,0.27,Y,1970 - 2016,0.153,N,2000 - 2016,0.867,N,1970 - 2016,,1,,,,,1,,,1,,,,14,19,40.6,1,1,,,,,,,,,,1,,1,,,,1,1,1,1,1,,1,1,1,1,1,1,,,,,,1,,,1,,,,,,,,,,1,1,1,1,1,,,,,1,,,Polyphagous,9,, ,1,,,,,,1,1,1,1,,,,,,,,,,,,,,,,,,,,,1,,,,,,,,,,,3,,,,,,,,,,,,1,1,1,, ,,1,,1,,1,,1,,1,,,,,,3,,,,,
1,73.023,2440,,9054,Plusia putnami,Lempke's Gold Spot,Noctuidae,1,1,1,,1,,,1,,,LC,NE,595,0,,0.64,Y,1990 - 2016,0.989,Y,2000 - 2016,,,,,1,,,,,1,,,,,,,14,15,32.3,1,,,5.5,Y,,,,,,,,,1,,,,1,1,1,1,1,,,1,1,1,1,1,,,,,,,1,,,,,,,,,,,,,1,1,1,1,,,,,1,,,Oligophagous (Family),4,, ,1,,,,,,,,1,,,,,,,,,,,,,,,,,,,,,,1,,,,,,,,,,,4,,,,,,,,,,,,,,,,,,,,1,,1,,1,,1,,,,,,3,,,,,
1,73.042,2286,,8782,Acronicta menyanthidis,Light Knot Grass,Noctuidae,1,1,1,1,1,,,1,,,LC,VU,317,19,,-0.39,N,1980 - 2016,0.267,N,2000 - 2016,,,,,1,,,,1,,,,,,,,16,20,47.3,1,,,-8.2,Y,,,,,,,1,,,,,,,,,,,1,1,1,1,,,,,1,1,1,1,1,,,,,1,1,1,,,,,1,1,1,1,,,,,,,,1,,Polyphagous,15,, ,1,,,,,,,3,,,,1,,1,,,,,,,,,,,,,,,,,1,,,1,1,,,,,,1,,1,1,,,,,,,,,,,,,1,,,1,1,,,,,1,1,,,,,,,2,,,,,
1,73.061,2394,,9407,Stilbia anomala,Anomalous,Noctuidae,1,1,1,1,1,,,1,,,VU,LC,454,58,,-0.43,Y,1970 - 2016,-0.474,Y,2000 - 2016,-0.902,Y,1970 - 2016,,1,,,1,,,,,,,,,13,17,34.3,1,,,7.9,Y,,,,,,,,,1,,,,1,1,1,1,1,,,,1,1,1,1,,,,,,,1,1,1,,,,,,,,,,,,1,1,1,1,,,,1,,,Oligophagous (Family),3,, ,1,,,,,,,,1,,,,,,,,,,,,,,,,,,,,,,1,,,,,,,,,,,3,,,,,,,,,,,,,,,,,1,1,1,,,,1,,,,,,,,,2,,,,,
1,73.118,2367,,9856,Celaena haworthii,Haworth's Minor,Noctuidae,1,1,1,1,1,,,1,,,LC,LC,540,143,,-0.21,N,1970 - 2016,-0.169,N,2000 - 2016,-0.37,N,1970 - 2016,1,1,,,1,1,,,,,,,,10,14,23.2,1,,,-1.9,Y,1,1,1,,,,,,,1,1,1,,,,1,1,1,1,,,,,,,,,,,,,1,1,,,,,,,,,,,,1,1,1,1,,,1,,,,Polyphagous,,,,,,,,,,1,3,,,,,,,,,,,,,,,,,,,1,,,,,,,,,,,,,,,,,,,,,,,,,,,,,,,,,1,1,,,,,1,1,1,,,,,,3,,,,,
1,73.154,2330,,9766,Apamea remissa,Dusky Brocade,Noctuidae,1,1,1,1,1,,,1,,,LC,LC,1891,326,,0.26,Y,1970 - 2016,0.039,N,2000 - 2016,-0.563,Y,1970 - 2016,,1,,,1,,,,,,,,,17,19,47.3,1,,,-13.6,Y,,,,,,,1,,,,,,1,1,1,1,,,,1,1,1,1,1,,,,1,1,1,1,,,,,,,,,,,,1,1,1,1,,,,,,1,,,Oligophagous (Family),5,, ,1,,,,,,,,1,,,,,,,,,,,,,,,,,,,,1,1,1,,,,,,,,,,,4,,,,,,,,,,,,1,1,1,,,,,,1,1,1,1,,,,,,,,,3,,,,,
1,73.156,2326,,9755,Apamea crenata,Clouded-bordered Brindle,Noctuidae,1,1,1,1,1,,,1,,,LC,LC,2023,341,,0.1,N,1970 - 2016,0.04,N,2000 - 2016,-0.18,N,1970 - 2016,,1,,,1,,,,,,,,,18,22,56.9,1,,,-15.5,Y,,,,,,,1,,,,,,1,1,1,1,,,,1,1,1,1,1,,,,,1,1,,,,,,,,,,,,,1,1,1,1,,,,,,1,,,Oligophagous (Family),3,, ,1,,,,,,,,1,,,,,,,,,,,,,,,,,,,,1,1,1,,,,,,,,,,,3,,,,,,,,,,,,1,1,1,,,,1,,1,,,1,1,,1,,,,,,3,,,,,
1,73.162,2321,,9748,Apamea monoglypha,Dark Arches,Noctuidae,1,1,1,1,1,,,1,,,LC,LC,2385,540,,0.01,N,1970 - 2016,0.01,N,2000 - 2016,-0.402,Y,1970 - 2016,,1,,,1,,,,,,,,,19,26,70,1,,1,,,,,,,,,,1,,,,,1,1,1,1,1,1,,1,1,1,1,1,,,,,,1,1,,,,,,,,,,,,,1,1,1,1,,,,,1,,,Oligophagous (Family),3,, ,1,,,,,,,,1,,,,,,,,,,,,,,,,,1,,,1,1,,,,,,,,,,,,2,,,,,,,,,,,,1,1,1,,,1,1,,1,,,1,1,,1,,,,,,3,Ubiquitous,,,,
1,73.176,2340,,9784,Oligia fasciuncula,Middle-barred Minor,Noctuidae,1,1,1,1,1,,,1,,,LC,LC,2017,262,,0.11,Y,1970 - 2016,0.046,N,2000 - 2016,0.038,N,1970 - 2016,,1,,,,1,,,,,,,,10,12,19.9,1,,,-9.5,Y,,,,,,,1,,,,,,1,1,1,1,1,,,1,1,1,1,1,,,,,,1,1,,,,,,,,,,,,1,1,1,1,,,,,,1,,,Oligophagous (Family),3,, ,1,,,,,,,,1,,,,,,,,,,,,,,,,,,,,,,1,,,,,,,,,,,3,,,,,,,,,,,,1,1,1,,,,,,1,,1,,1,,1,,,,,,3,,,,,
1,73.22,2225,,9642,Brachylomia viminalis,Minor Shoulder-knot,Noctuidae,1,1,1,1,1,,,1,,,NT,VU,872,8,,-0.43,Y,1970 - 2016,-0.537,Y,2000 - 2016,-0.898,Y,1970 - 2016,,1,,,1,1,,,,,,,,13,15,30.4,1,,,-17.5,Y,1,1,1,,,,,1,1,1,1,1,,,,1,1,1,,,,,,,,,,,,1,,,,,,,,,,,,,,1,1,1,1,,,,1,,,,Oligophagous (Family),7,, ,1,,,,,,,,,,,1,,,,,,,,,,,,,,,1,,,,1,,,1,,,,,,,,,,,,,1,,,,,,,1,1,,1,,,,,,,,,1,,1,,,,,,3,,,1,,
1,73.221,2268,,9536,Parastichtis suspecta,Suspected,Noctuidae,1,1,1,1,1,,1,1,,1,LC,RE,576,0,,-0.43,Y,1970 - 2016,0.297,N,2000 - 2016,,,,,1,,,1,,,,,,,,,14,16,34.3,1,,,-8.6,Y,1,1,1,,,,,,1,1,1,1,,,,1,1,1,,,,,,,,,,,,,1,1,,,,,,,,,,,,1,1,1,1,,,,1,,,,Polyphagous,2,, ,1,,,,,,,,,,,1,,,,,,,,,,,,,,,1,,,,1,,,1,1,,,,,,,,,,,,,,,,,,,1,1,,1,1,1,1,,,,,,1,,1,,,,,,3,,,1,,
1,73.254,2176,,10062,Cerapteryx graminis,Antler Moth,Noctuidae,1,1,1,1,1,,,1,,,LC,LC,1860,205,,0.01,N,1970 - 2016,0.332,Y,2000 - 2016,-0.526,N,1970 - 2016,1,1,,,1,,,,,,,,,12,17,32.3,1,,,-3.8,Y,1,1,,,,,,,,1,1,1,1,1,1,1,1,1,1,,,,,,,,,,,,1,1,,,,,,,,,,,,,1,1,1,,,,1,,,,Polyphagous,9,, ,1,,,,,,1,1,1,,,,,,,,,,,,,,,,,,,,,,1,,,,,,,,,,,6,,,,,,,,,,,,,,,,,,1,,1,1,,1,,,,,,,,,3,,,,,
1,73.264,2158,,9918,Lacanobia thalassina,Pale-shouldered Brocade,Noctuidae,1,1,1,1,1,,,1,,,LC,LC,1677,267,,-0.4,Y,1970 - 2016,-0.307,Y,2000 - 2016,-0.35,Y,1970 - 2016,,1,,,1,,,,,,,,,16,20,47.3,1,,1,,,,,,,,,1,,,,,,,,,,,1,1,1,1,,,,,1,1,1,1,1,,,,,1,1,1,,,,,,1,1,1,1,,,,,,,1,,Polyphagous,17,, ,1,,,,,,,,,1,,1,,1,,,,,,,,,,,,,,,,,1,,,1,1,1,1,,1,,,,,,,,1,,,,1,,1,1,1,,1,,,,,,,,,1,,1,,,,,,3,,,,,
1,73.271,2163,,9985,Ceramica pisi,Broom Moth,Noctuidae,1,1,1,1,1,,,1,,,VU,LC,1598,339,,-0.41,Y,1970 - 2016,-0.245,Y,2000 - 2016,-0.879,Y,1970 - 2016,,1,,,1,,,,,,,,,16,20,47.3,1,,,-8.2,Y,,,,,,,1,,,,,,,,,,,1,1,1,1,,,,,1,1,1,1,1,,,,,1,1,1,,,,,,1,1,1,1,,,,,,,1,,Polyphagous,20,, ,1,,,,,,,,,1,,1,,1,,,,,,,,,,,,,,,,,1,,,,1,,,,1,,1,,1,1,,,,1,,,,,,1,1,1,1,,1,1,,,,,1,1,1,,,,,,,3,,,,,
1,73.293,2198,,10006,Mythimna impura,Smoky Wainscot,Noctuidae,1,1,1,1,1,,,1,,,LC,LC,2240,478,,0,N,1970 - 2016,-0.077,Y,2000 - 2016,-0.049,N,1970 - 2016,,1,,,1,,,,,,,,,14,18,38.4,1,,1,-4.9,Y,,,,,,,,1,,,,,1,1,1,1,1,1,,1,1,1,1,1,,,,,,1,,,,,,,,,,,,,,1,1,1,1,,,,,1,,,Polyphagous,8,, ,1,,,,,,1,,1,,,,,,,,,,,,,,,,,,,,,,1,,,,,,,,,,,7,,,,,,,,,,,,1,1,1,,,,1,,1,,,1,1,1,1,,,1,,,3,,,,,
1,73.332,2122,,10092,Diarsia brunnea,Purple Clay,Noctuidae,1,1,1,1,1,,,1,,,LC,LC,1631,288,,0.11,N,1970 - 2016,0.185,N,2000 - 2016,-0.385,Y,1970 - 2016,,1,,,1,,,,,,,,,16,20,47.3,1,,,-8,Y,,,,,,,,1,,,,,1,1,1,1,1,,,1,1,1,1,1,,,,,,1,,,,,,,,,,,,,,1,1,1,,,,,,1,,,Polyphagous,12,, ,1,,,,,,,,,1,,1,,1,,,,,,,,,,,,,,,,,1,,,1,1,1,,,1,,1,1,1,1,,,,,,,,,,1,1,,1,,,,,,,,,,,,,,,,,3,,,,,
1,73.333,2120,,10089,Diarsia mendica,Ingrailed Clay,Noctuidae,1,1,1,1,1,,,1,,,LC,LC,2137,348,,-0.01,N,1970 - 2016,-0.019,N,2000 - 2016,-0.633,Y,1970 - 2016,,1,,,1,,,,,,,,,13,17,34.3,1,,,-8.1,Y,,,,,,,,1,,,,,1,1,1,1,1,,,1,1,1,1,1,,,,,,1,,,,,,,,,,,,,1,1,1,1,1,,,,,1,,,Polyphagous,14,, ,1,,,,,,,,,1,,1,,1,,,,,,,,,,,,,,,,,1,,,1,1,1,,,1,1,1,,1,1,,,,,,,1,,1,1,1,1,,,1,1,,,,,,1,1,,,,,,,3,,,,,
1,73.334,2123,,6755,Diarsia rubi,Small Square-spot,Noctuidae,1,1,1,1,1,,,1,,,LC,LC,2150,499,,0.54,Y,1970 - 2016,0.066,N,2000 - 2016,-0.537,Y,1970 - 2016,,1,,,1,,,,,,,,,12,16,30.4,1,1,,,,,,,,,1,,,1,,,,1,1,1,1,1,1,1,1,1,1,1,1,,,,,1,,,1,,,,,,,,,,,1,1,1,1,1,,,,,1,,,Polyphagous,8,, ,1,,,,,,,,1,1,,,,1,,,,,,,,,,,,,,,,,1,,,1,,,,,1,,1,1,,,,,,,1,,,,,1,1,1,,,,,,1,,1,,1,,1,,,,,,3,,,,,
1,73.338,2118,,10113,Lycophotia porphyrea,True Lover's Knot,Noctuidae,1,1,1,1,1,,,1,,,VU,LC,1836,460,,0.12,N,1970 - 2016,-0.168,Y,2000 - 2016,-0.828,Y,1970 - 2016,1,1,,,1,1,,,,,,,,12,15,28.5,1,,,-2.1,N,,,,,,,,1,,,,,1,1,1,1,1,,,1,1,1,1,1,,,,,,1,1,,,,,,,,,,,,1,1,1,1,,,,,,1,,,Oligophagous (Family),3,, ,1,,,,,,,,,,,,1,1,,,,,,,,,,,,,,,,,1,,,,,,,,,,1,,,,,,,,,,,,,,,,,,1,1,1,,,,,1,1,,,,,,,3,,,,,
1,73.342,2107,,10096,Noctua pronuba,Large Yellow Underwing,Noctuidae,1,1,1,1,1,,1,1,,,LC,LC,2425,615,,0.02,N,1970 - 2016,-0.052,Y,2000 - 2016,0.621,Y,1970 - 2016,,1,1,,1,,,,,,,,,21,26,75.5,1,,,-2.7,N,,,,,,,,,1,,,,1,1,1,1,1,,,1,1,1,1,1,,,,,,1,1,,,,,,,,,,,,,1,1,1,1,1,,,,1,,,Polyphagous,9,, ,1,,,,,,,,1,1,,1,1,,,,,,,,,,,,,,,,,,1,,,,,,,,1,,,2,,,,,,,,,,,,1,1,1,,,,1,,1,1,1,1,1,1,1,,,,,,3,Ubiquitous,,,,
1,73.345,2109,,10099,Noctua comes,Lesser Yellow Underwing,Noctuidae,1,1,1,1,1,,,1,,,LC,LC,2179,433,,0.04,N,1970 - 2016,-0.03,N,2000 - 2016,0.021,N,1970 - 2016,,1,,,1,,,,,,,,,16,21,49.6,1,,,4.4,N,,,,,,,,,1,,,,1,1,1,1,1,1,,1,1,1,1,1,,,,,,1,1,,,,,,,,,,,,,1,1,1,1,1,,,,1,,,Polyphagous,14,, ,1,,,,,,,,,1,,1,,1,,,,,,,,,,,,,,,,,1,,,1,1,1,,1,1,,1,,1,,,,,,,,1,,,1,1,,1,,1,1,,,,,,,,,,,,,,3,Ubiquitous,,,,
1,73.348,2111,,10103,Noctua janthe,Lesser Broad-bordered Yellow Underwing,Noctuidae,1,1,1,1,1,,,1,,,LC,LC,2168,453,,0.12,Y,1970 - 2016,0.01,N,2000 - 2016,0.119,N,1970 - 2016,,1,,,1,,,,,,,,,16,20,47.3,1,,,-2.2,N,,,,,,,,,1,,,,1,1,1,1,1,,,,1,1,1,1,,,,,,1,1,,,,,,,,,,,,,,1,1,1,,,,,1,,,Polyphagous,15,, ,1,,,,,,,,1,1,,1,,1,,,,,,,,,,,,,,,,,1,,,1,1,1,,,1,1,,1,1,,,,,1,,,1,,,1,1,,1,,,,,,,,1,,,,,,,,,3,Most habitats,,,,
1,73.351,2114,,10171,Graphiphora augur,Double Dart,Noctuidae,1,1,1,1,1,,,1,,,NT,LC,649,259,,-0.79,Y,1970 - 2016,-0.413,Y,2000 - 2016,-0.955,Y,1970 - 2016,,1,,,1,,,,,,,,,18,21,54.4,1,,,-2.1,Y,,,,,,,1,1,,,,,1,1,1,1,1,,,1,1,1,1,1,,,,,,1,,,,,,,,,,,,,,1,1,1,,,,,,1,,,Polyphagous,7,, ,1,,,,,,,,,1,,1,,1,,,,,,,,,,,,,,,,,1,,,1,1,1,1,,1,,,,,,,,,1,,,1,,,1,1,,1,,,,,,,,,1,,1,,,,,,3,,,,,
1,73.353,2130,,10204,Xestia baja,Dotted Clay,Noctuidae,1,1,1,1,1,,,1,,,LC,LC,1498,328,,-0.17,Y,1970 - 2016,-0.073,N,2000 - 2016,-0.252,N,1970 - 2016,,1,,,1,,,,,,,,,17,21,52,1,,,-3.2,N,,,,,,,,1,,,,,1,1,1,1,1,,,1,1,1,1,1,,,,,,,1,,,,,,,,,,,,,,1,1,1,,,,,1,,,Polyphagous,17,, ,1,,,,,,,,,1,,1,,1,,,,,,,,,,,,,,,,,1,,,1,1,1,,1,1,,,,1,1,,,,,1,,1,,,1,1,,1,1,1,,,,,,,1,,,,,,,,3,,,,,
1,73.355,2132,,10207,Xestia castanea,Neglected Rustic,Noctuidae,1,1,1,1,1,,,1,,,LC,LC,544,62,,-0.69,Y,1970 - 2016,-0.135,N,2000 - 2016,-0.142,N,1970 - 2016,,1,,,1,,,,,,,,,16,18,42.7,1,,,-0.5,N,,,,,,,,,1,,,,1,1,1,1,1,1,,,,1,1,1,,,,,,,,1,,,,,,,,,,,,,1,1,1,1,,,,1,,,Polyphagous,6,, ,1,,,,,,,,,,,1,,1,,,,,,,,,,,,,,,,,1,,,1,,,,,,,1,,,,,,,,,,,,,,,,1,,1,1,1,,,,,1,1,,,,,,,3,,,1,,
1,73.356,2135,,10216,Xestia agathina,Heath Rustic,Noctuidae,1,1,1,1,1,,,1,,,LC,LC,717,108,,-0.09,N,1970 - 2016,-0.314,N,2000 - 2016,-0.784,Y,1970 - 2016,,1,,,1,1,,,,,,,,14,16,34.3,1,,,-0.2,N,,,,,,,,,1,,,,1,1,1,1,1,1,,,1,1,1,1,,,,,,,1,1,1,,,,,,,,,,,,,1,1,1,,,,1,,,Oligophagous (Family),2,, ,1,,,,,,,,,,,,,1,,,,,,,,,,,,,,,,,1,,,,,,,,,,1,,,,,,,,,,,,,,,,,,1,1,1,,,,,,,,,,,,,3,,,,,
1,73.357,2134,,10212,Xestia xanthographa,Square-spot Rustic,Noctuidae,1,1,1,1,1,,,1,,,LC,LC,2173,434,,0.13,Y,1970 - 2016,0.02,N,2000 - 2016,1.05,Y,1970 - 2016,,1,,,1,,,,,,,,,14,17,36.3,1,,,4.2,N,,,,,,,,,1,,,,1,1,1,1,1,,,,1,1,1,1,,,,,,,1,,,,,,,,,,,,,,1,1,1,1,,,,1,,,Polyphagous,13,, ,1,,,,,,,,1,,,,,1,,,,,,,,,,,,,,,,,1,,,1,,,1,1,1,,,2,,1,,,,,,,1,,,1,1,1,,,,,,1,1,1,1,,,,,,,,,3,,,,,
1,73.358,2133,,10211,Xestia sexstrigata,Six-striped Rustic,Noctuidae,1,1,1,1,1,,,1,,,LC,LC,1756,227,,0.19,Y,1970 - 2016,0.032,N,2000 - 2016,-0.201,N,1970 - 2016,,1,,,1,,,,,,,,,15,17,38.4,1,,,3.6,N,,,,,,,,,,,,,1,1,1,1,,,,,1,1,1,1,,,,,,1,1,,,,,,,,,,,,,,1,1,1,,,,,1,,,Polyphagous,5,, ,1,,,,,,,,,1,,,,,,,,,,,,,,,,,,,,,1,,,,,,,,,,,,1,,,,,,,,,,,1,1,1,,,,,,1,1,1,1,1,,1,,1,,,,,,,,,
1,73.366,2103,,10178,Eugnorisma depuncta,Plain Clay,Noctuidae,1,1,1,,,,,1,,,LC,  ,152,0,,-0.26,N,1980 - 2016,-0.112,N,2000 - 2016,,,,,1,,2,1,,,,,,,,,16,20,47.3,1,,,-5.1,Y,,,,,,,,,1,,,,1,1,1,1,1,1,,,1,1,1,1,,,,,,,1,,,,,,,,,,,,,,1,1,1,,,,,1,,,Polyphagous,8,, ,1,,,,,,,,,1,,,,,,,,,,,,,,,,,,,,,1,,,,,,,,3,,,,,,,,,,,,,,,1,1,,,,,,,,,,,,,,,,,,,3,,,,,
1,73.367,2116,,10236,Protolampra sobrina,Cousin German,Noctuidae,,1,,,,,,1,,,LC,  ,38,0,Nationally Scarce,,,,,,,,,,,1,,,1,1,,,,,,,,14,17,36.3,1,,,,,,,,,,,,1,,,,,1,1,1,1,1,1,,1,1,1,1,1,,,,,,,1,1,,,,,,,,,,,,,1,1,1,,,,,1,,,Polyphagous,4,, ,1,,,,,,,,,,,1,,1,,,,,,,,,,,,,,,,,1,,,1,1,,,,,,1,,,1,,,,,,,,,,1,1,,1,,,1,,,,,,,,,,,,,,2,,,1,,
1,73.368,2136,,10228,Naenia typica,Gothic,Noctuidae,1,1,1,1,1,,,1,,,LC,LC,1246,85,,-0.26,Y,1970 - 2016,-0.078,N,2000 - 2016,-0.283,N,1970 - 2016,,1,,2,1,,,,,,,,,17,22,54.4,1,,,-8.7,Y,,,,,,,1,,,,,,1,1,1,1,,,1,1,1,1,1,1,,,,,1,1,,,,,,,,,,,,,,1,1,1,,,,,,1,,,Polyphagous,13,, ,1,,,,,,,,,1,,1,,1,,,,,,,,,,,,,,,,,1,,,,,1,,1,,,,,,,,,,,,,1,,1,1,1,,1,,,,,,,,,1,,1,,,,,,,,,,,
,73.1691,,,,Mesapamea secalis agg.,Common Rustic agg.,,,,,,,,,,,,,,,,,,,,,,,,,,,,,,,,,,,,,,,,,,,,,,,,,,,,,,,,,,,,,,,,,,,,,,,,,,,,,,,,,,,,,,,,,,,,,,,,,,,,,,,,,,,,,,,,,1,,,,,,,,,,,,,,,,,,,,,,,,,,,,,,,,,,,,,,,,,,,,,1,1,1,,,,,,1,1,1,1,,,,,,,,,3,Farmalnd,,,,
,16.001,,,,Yponomeuta evonymella,Bird-cherry Ermine,,,,,,,,,,,,,,,,,,,,,,,,,,,,,,,,,,,,,,,,,,,,,,,,,,,,,,,,,,,,,,,,,,,,,,,,,,,,,,,,,,,,,,,,,,,,,,,,,,,,,,,,,,,,,,,,,,,,1,,,,,,,,,,,,,,,,,,,,,,,,,,,,,,,,,,,,,,,,,,1,1,1,,,,,,,,,,1,,,,,,,,,,,1,,
,18.001,,,,Plutella xylostella,Diamond-back Moth,,,,,,,,,,,,,,,,,,,,,,,,,,,,,,,,,,,,,,,,,,,,,,,,,,,,,,,,,,,,,,,,,,,,,,,,,,,,,,,,,,,,,,,,,,,,,,,,,,,,,,,,,,,,,,,,,,1,,,,,,,,,,,,,,,,,,,,,,,,,,,,,,,,,,,,,,,,,,,,,,,,,,,,,,,,,,,,,,,,,,,,,
,20.012,,,,Argyresthia goedartella,Golden Argent,,,,,,,,,,,,,,,,,,,,,,,,,,,,,,,,,,,,,,,,,,,,,,,,,,,,,,,,,,,,,,,,,,,,,,,,,,,,,,,,,,,,,,,,,,,,,,,,,,,,,,,,,,,,,,,,,,,,1,,,,,,,,,,,,,,,,,,,,,,,,,,,,,,,,,,,,,,,,,,1,1,,,,1,,,1,,,,1,,,,,,,,,,,1,,
,20.022,,,,Argyresthia bonnetella,Hawthorn Argent,,,,,,,,,,,,,,,,,,,,,,,,,,,,,,,,,,,,,,,,,,,,,,,,,,,,,,,,,,,,,,,,,,,,,,,,,,,,,,,,,,,,,,,,,,,,,,,,,,,,,,,,,,,,,,,,,,,,1,,,,,,,,,,,,,,,,,,,,,,,,,,,,,,,,,,,,,,,,,,1,1,,1,,1,,,1,,,,,,,,,,,,,,,1,,
,28.004,,,,Denisia similella,Northern Tubic,,,,,,,,,,,,,,,,,,,,,,,,,,,,,,,,,,,,,,,,,,,,,,,,,,,,,,,,,,,,,,,,,,,,,,,,,,,,,,,,,,,,,,,,,,,,,,,,,,,,,,,,,,,,,,,,,,,,,,,,,1,,,,,,,,,,,,,,,,,,,,,,,,,,,,,,,,,,,,,1,1,1,,,,,,,,,,,,,,,,,,,,,,,
,32.024,,,,Agonopterix assimilella,Dusted Flat-body,,,,,,,,,,,,,,,,,,,,,,,,,,,,,,,,,,,,,,,,,,,,,,,,,,,,,,,,,,,,,,,,,,,,,,,,,,,,,,,,,,,,,,,,,,,,,,,,,,,,,,,,,,,,,,,,,,,,,,,,,,,,,,,,,1,,,,,,,,,,,,,,,,,,,,,,,,,,,,,1,1,1,1,,1,1,,1,,,,,,,,,,,,,,,,,
,35.159,,,,Exoteleia dodecella,Pine Groundling,,,,,,,,,,,,,,,,,,,,,,,,,,,,,,,,,,,,,,,,,,,,,,,,,,,,,,,,,,,,,,,,,,,,,,,,,,,,,,,,,,,,,,,,,,,,,,,,,,,,,,,,,,,,,,,,,,,,,1,,,,,,,,,,,,,,,,,,,,,,,,,,,,,,,,,,,,,,,,,1,,1,,,,,,,,,,,,,,,,,,,,,,,
,45.012,,,,Stenoptilia pterodactyla,Brown Plume,,,,,,,,,,,,,,,,,,,,,,,,,,,,,,,,,,,,,,,,,,,,,,,,,,,,,,,,,,,,,,,,,,,,,,,,,,,,,,,,,,,,,,,,,,,,,,,,,,,,,,,,,,,,,,,,,,1,,,,,,,,,,,,,,,,,,,,,,,,,,,,,,,,,,,,,,,,,,,,1,,,,,,,,1,,,,,,,,,,,,,,,,,
,45.028,,,,Capperia britanniodactylus,Wood-sage Plume,,,,,,,,,,,,,,,,,,,,,,,,,,,,,,,,,,,,,,,,,,,,,,,,,,,,,,,,,,,,,,,,,,,,,,,,,,,,,,,,,,,,,,,,,,,,,,,,,,,,,,,,,,,,,,,,,,1,,,,,,,,,,,,,,,,,,,,,,,,,,,,,,,,,,,,,,,,,,,,1,,,,,1,1,,1,,,,,,,,,,,,,,,,,
,45.033,,,,Merrifieldia leucodactyla,Thyme Plume,,,,,,,,,,,,,,,,,,,,,,,,,,,,,,,,,,,,,,,,,,,,,,,,,,,,,,,,,,,,,,,,,,,,,,,,,,,,,,,,,,,,,,,,,,,,,,,,,,,,,,,,,,,,,,,,,,1,,,,,,,,,,,,,,,,,,,,,,,,,,,,,,,,,,,,,,,,,,,,,,,,,,,,1,1,,,,,,,,,,,,,,,,
,49.029,,,,Lozotaenia forsterana,Large Ivy Tortrix,,,,,,,,,,,,,,,,,,,,,,,,,,,,,,,,,,,,,,,,,,,,,,,,,,,,,,,,,,,,,,,,,,,,,,,,,,,,,,,,,,,,,,,,,,,,,,,,,,,,,,,,,,,,,,,,,,1,,1,,1,,,,,,,,,,,,,,,,,,,,,,,,,,,,,,,,,,,,,,,,1,1,1,1,,1,1,,,,,,,,,,,,,,,,,,,
,49.045,,,,Eana osseana,Dotted Shade,,,,,,,,,,,,,,,,,,,,,,,,,,,,,,,,,,,,,,,,,,,,,,,,,,,,,,,,,,,,,,,,,,,,,,,,,,,,,,,,,,,,,,,,,,,,,,,,,,,,,,,,,,,,,,,,,,1,,,,1,,,,,,,,,,,,,,,,,,,,,,,,,,,,,,,,,,,,,,,,,,,,,1,1,,1,,,,,,,,,,,,,,,,,
,49.154,,,,Orthotaenia undulana,Woodland Marble,,,,,,,,,,,,,,,,,,,,,,,,,,,,,,,,,,,,,,,,,,,,,,,,,,,,,,,,,,,,,,,,,,,,,,,,,,,,,,,,,,,,,,,,,,,,,,,,,,,,,,,,,,,,,,,,,,,,1,,1,,,,,,,,,,,,,,,,,,,,,,,,,,,,,,,,,,,,,,,,1,1,1,1,,1,1,,,,,,,,,,,,,,,,,1,,
,49.166,,,,Celypha lacunana,Common Marble,,,,,,,,,,,,,,,,,,,,,,,,,,,,,,,,,,,,,,,,,,,,,,,,,,,,,,,,,,,,,,,,,,,,,,,,,,,,,,,,,,,,,,,,,,,,,,,,,,,,,,,,,,,,,,,,,,1,,,,,,,,,,,,,,,,,,,,,,,,,,,,,,,,,,,,,,,,,,,,1,1,1,,,,,,1,,,,1,,,,,,,,,,,,,
,49.194,,,,Bactra lancealana,Rush Marble,,,,,,,,,,,,,,,,,,,,,,,,,,,,,,,,,,,,,,,,,,,,,,,,,,,,,,,,,,,,,,,,,,,,,,,,,,,,,,,,,,,,,,,,,,,,,,,,,,,,,,,,,,,,,,,1,1,,,,,,,,,,,,,,,,,,,,,,,,,,,,,,,,,,,,,,,,,,,,,,1,,,,1,1,1,,,,,,1,1,,,,,,,,,,,,
,49.223,,,,Rhopobota naevana,Holly Tortrix,,,,,,,,,,,,,,,,,,,,,,,,,,,,,,,,,,,,,,,,,,,,,,,,,,,,,,,,,,,,,,,,,,,,,,,,,,,,,,,,,,,,,,,,,,,,,,,,,,,,,,,,,,,,,,,,,,,,1,,1,,,,,,,,,,,,,,,,,,,,,,,,,,,,,,,,,,,,,,,,1,1,1,,,,1,,,,,,,,,,,,,,,,,1,,
,49.244,,,,Epinotia subocellana,White Sallow Bell,,,,,,,,,,,,,,,,,,,,,,,,,,,,,,,,,,,,,,,,,,,,,,,,,,,,,,,,,,,,,,,,,,,,,,,,,,,,,,,,,,,,,,,,,,,,,,,,,,,,,,,,,,,,,,,,,,,,1,,,,,,,,,,,,,,,,,,,,,,,,,,,,,,,,,,,,,,,,,,1,,,1,,1,,,,,,,1,,,,,,,,,,,1,,
,62.001,,,,Aphomia sociella,Bee Moth,,,,,,,,,,,,,,,,,,,,,,,,,,,,,,,,,,,,,,,,,,,,,,,,,,,,,,,,,,,,,,,,,,,,,,,,,,,,,,,,,,,,,,,,,,,,,,,,,,,,,,,,,,,,,,,,,,,,,,,,,,,,,,1,1,,,,,,,,,,,,,,,,,,,,,,,,,,,,,,,1,1,1,1,,,,,,,,,,,,,,,,,,1,,,,
,62.012,,,,Matilella fusca,Brown Knot-horn,,,,,,,,,,,,,,,,,,,,,,,,,,,,,,,,,,,,,,,,,,,,,,,,,,,,,,,,,,,,,,,,,,,,,,,,,,,,,,,,,,,,,,,,,,,,,,,,,,,,,,,,,,,,,,,,,,,,,,1,,,,,,,,,,,,,,,,,,,,,,,,,,,,,,,,,,,,,,,,1,1,1,,,1,1,1,,,,,,,,,,,,,,,,,,
,62.028,,,,Dioryctria abietella,Dark Pine Knot-horn,,,,,,,,,,,,,,,,,,,,,,,,,,,,,,,,,,,,,,,,,,,,,,,,,,,,,,,,,,,,,,,,,,,,,,,,,,,,,,,,,,,,,,,,,,,,,,,,,,,,,,,,,,,,,,,,,,,,,1,,,,,,,,,,,,,,,,,,,,,,,,,,,,,,,,,,,,,,,,,1,,1,,,,,,,,,,,,,,,,,,,,,,,
,63.005,,,,Pyrausta despicata,Straw-barred Pearl,,,,,,,,,,,,,,,,,,,,,,,,,,,,,,,,,,,,,,,,,,,,,,,,,,,,,,,,,,,,,,,,,,,,,,,,,,,,,,,,,,,,,,,,,,,,,,,,,,,,,,,,,,,,,,,,,,1,,,,,,,,,,,,,,,,,,,,,,,,,,,,,,,,,,,,,,,,,,,,,,,,,1,,,1,1,,,,,,,,,,,,,,,,
,63.038,,,,Patania ruralis,Mother of Pearl,,,,,,,,,,,,,,,,,,,,,,,,,,,,,,,,,,,,,,,,,,,,,,,,,,,,,,,,,,,,,,,,,,,,,,,,,,,,,,,,,,,,,,,,,,,,,,,,,,,,,,,,,,,,,,,,,,1,,1,,,,,,,,,,,,,,,,,,,,,,,,,,,,,,,,,,,,,,,,,,1,,,,,,,,1,,,,,,,,,,,,,1,,,,
,63.064,,,,Scoparia ambigualis,Common Grey,,,,,,,,,,,,,,,,,,,,,,,,,,,,,,,,,,,,,,,,,,,,,,,,,,,,,,,,,,,,,,,,,,,,,,,,,,,,,,,,,,,,,,,,,,,,,,,,,,,,,,,,,,,,,,,,,,,,,,,1,,,,,,,,,,,,,,,,,,,,,,,,,,,,,,,,,,,,,,,1,1,1,1,,1,1,,,,,,,,,,,,,,,,,,,
,63.067,,,,Eudonia lacustrata,Little Grey,,,,,,,,,,,,,,,,,,,,,,,,,,,,,,,,,,,,,,,,,,,,,,,,,,,,,,,,,,,,,,,,,,,,,,,,,,,,,,,,,,,,,,,,,,,,,,,,,,,,,,,,,,,,,,,,,,,,,,,1,,,,,,,,,,,,,,,,,,,,,,,,,,,,,,,,,,,,,,,1,1,1,1,,1,1,,,,,,,,,,,,,,,,,,,
,63.086,,,,Crambus lathoniellus,Hook-streak Grass-veneer,,,,,,,,,,,,,,,,,,,,,,,,,,,,,,,,,,,,,,,,,,,,,,,,,,,,,,,,,,,,,,,,,,,,,,,,,,,,,,,,,,,,,,,,,,,,,,,,,,,,,,,,,,,,,,,,,1,,,,,,,,,,,,,,,,,,,,,,,,,,,,,,,,,,,,,,,,,,,,,,,,,,,,,1,,,,,,,,,,,,,,,,,
,63.089,,,,Agriphila tristella,Common Grass-veneer,,,,,,,,,,,,,,,,,,,,,,,,,,,,,,,,,,,,,,,,,,,,,,,,,,,,,,,,,,,,,,,,,,,,,,,,,,,,,,,,,,,,,,,,,,,,,,,,,,,,,,,,,,,,,,,,,1,,,,,,,,,,,,,,,,,,,,,,,,,,,,,,,,,,,,,,,,,,,,,,,,,,1,1,,1,,,,,,,,,,,,,,,,,
,63.093,,,,Agriphila straminella,Straw Grass-veneer,,,,,,,,,,,,,,,,,,,,,,,,,,,,,,,,,,,,,,,,,,,,,,,,,,,,,,,,,,,,,,,,,,,,,,,,,,,,,,,,,,,,,,,,,,,,,,,,,,,,,,,,,,,,,,,,,1,,,,,,,,,,,,,,,,,,,,,,,,,,,,,,,,,,,,,,,,,,,,,,,,,,1,1,,1,,,,,,,,,,,,,,,,,
,63.096,,,,Catoptria permutatellus,Scotch Grass-veneer,,,,,,,,,,,,,,,,,,,,,,,,,,,,,,,,,,,,,,,,,,,,,,,,,,,,,,,,,,,,,,,,,,,,,,,,,,,,,,,,,,,,,,,,,,,,,,,,,,,,,,,,,,,,,,,,,1,,,,,,,,,,,,,,,,,,,,,,,,,,,,,,,,,,,,,,,,,,,,,1,1,1,,,,,,,,,,,,,,,,,,,,,,,
,63.1,,,,Catoptria margaritella,Pearl-band Grass Veneer,,,,,,,,,,,,,,,,,,,,,,,,,,,,,,,,,,,,,,,,,,,,,,,,,,,,,,,,,,,,,,,,,,,,,,,,,,,,,,,,,,,,,,,,,,,,,,,,,,,,,,,,,,,,,,,,,1,,,,,,,,,,,,,,,,,,,,,,,,,,,,,,,,,,,,,,,,,,,,,1,1,1,,,1,1,,,,,,1,1,,,,,,,,,,,,
,63.114,,,,Elophila nymphaeata,Brown China-mark,,,,,,,,,,,,,,,,,,,,,,,,,,,,,,,,,,,,,,,,,,,,,,,,,,,,,,,,,,,,,,,,,,,,,,,,,,,,,,,,,,,,,,,,,,,,,,,,,,,,,,,,,,,,,,,,,,1,,,,,,,,,,,,,,,,,,,,,,,,,,,,,,,,,,,,,,,,,,,,,,,,,,,,,,,,1,,,,,,,,,,,,,
